{"ENTITY_ID":28,"tables":[{"id":"2301258e-0937-4e44-89f9-9ddf0590b0e4","position":{"x":291,"y":238},"data":{"table_name":"Patient","fields":[{"fieldName":"medical_record","fieldType":10,"isPK":false,"isNotNull":false,"isUnique":false,"defaultValue":"","args":["512"],"isAutoIncrement":false}],"next_id":1,"checkName":[],"checkCondition":[]}},{"id":"2872f5fa-065e-455c-a01b-1bdf23964b00","position":{"x":1138,"y":587},"data":{"table_name":"Doctor","fields":[{"fieldName":"medical license","fieldType":10,"isPK":false,"isNotNull":false,"isUnique":false,"defaultValue":"","args":["512"],"isAutoIncrement":false},{"fieldName":"main specialization","fieldType":10,"isPK":false,"isNotNull":false,"isUnique":false,"defaultValue":"","args":["512"],"isAutoIncrement":false}],"next_id":2,"checkName":[],"checkCondition":[]}},{"id":"92cd1aae-d38f-4802-a545-d75a4359aad9","position":{"x":579,"y":590},"data":{"table_name":"Assistant","fields":[{"fieldName":"field_0","fieldType":3,"isPK":false,"isNotNull":false,"isUnique":false,"defaultValue":"","args":[1,1],"isAutoIncrement":false}],"next_id":1,"checkName":[],"checkCondition":[]}},{"id":"71a28172-5af8-41bf-be10-db0640b4e55a","position":{"x":301,"y":479},"data":{"table_name":"Nurse","fields":[{"fieldName":"internal_hierarchy","fieldType":9,"isPK":false,"isNotNull":false,"isUnique":false,"defaultValue":"","args":["255"],"isAutoIncrement":false}],"next_id":2,"checkName":[],"checkCondition":[]}},{"id":"82430b61-a44f-4839-9b8d-083474827335","position":{"x":645,"y":736},"data":{"table_name":"Appointment","fields":[{"fieldName":"id","fieldType":2,"isPK":true,"isNotNull":false,"isUnique":false,"defaultValue":"","args":"","isAutoIncrement":true},{"fieldName":"Ap_Date","fieldType":7,"isPK":false,"isNotNull":false,"isUnique":false,"defaultValue":"","args":"","isAutoIncrement":false}],"next_id":2,"checkName":[],"checkCondition":[]}},{"id":"069e8efb-c7f5-49a4-8573-a398f8d5435f","position":{"x":-154,"y":523},"data":{"table_name":"surgery","fields":[{"fieldName":"id","fieldType":2,"isPK":true,"isNotNull":false,"isUnique":false,"defaultValue":"","args":"","isAutoIncrement":true},{"fieldName":"surgery_date","fieldType":7,"isPK":false,"isNotNull":false,"isUnique":false,"defaultValue":"","args":"","isAutoIncrement":false},{"fieldName":"duration","fieldType":2,"isPK":false,"isNotNull":false,"isUnique":false,"defaultValue":"","args":"","isAutoIncrement":false},{"fieldName":"results","fieldType":10,"isPK":false,"isNotNull":false,"isUnique":false,"defaultValue":"","args":["512"],"isAutoIncrement":false}],"next_id":5,"checkName":[],"checkCondition":[]}},{"id":"6d717030-21e9-4026-8323-9513d436d58e","position":{"x":-200,"y":340},"data":{"table_name":"Hospitalization","fields":[{"fieldName":"id","fieldType":2,"isPK":true,"isNotNull":false,"isUnique":false,"defaultValue":"","args":"","isAutoIncrement":true},{"fieldName":"data_inic","fieldType":7,"isPK":false,"isNotNull":false,"isUnique":false,"defaultValue":"","args":"","isAutoIncrement":false}],"next_id":3,"checkName":[],"checkCondition":[]}},{"id":"449f4c28-9043-4cef-bfcd-3c5e99d795cd","position":{"x":-209,"y":731},"data":{"table_name":"Prescription","fields":[{"fieldName":"id","fieldType":2,"isPK":true,"isNotNull":false,"isUnique":false,"defaultValue":"","args":"","isAutoIncrement":true},{"fieldName":"validity","fieldType":7,"isPK":false,"isNotNull":false,"isUnique":false,"defaultValue":"","args":"","isAutoIncrement":false}],"next_id":5,"checkName":[],"checkCondition":[]}},{"id":"e53f67f9-f353-4e9a-befc-85ac0446d8c2","position":{"x":382,"y":874},"data":{"table_name":"Medication","fields":[{"fieldName":"id","fieldType":2,"isPK":true,"isNotNull":false,"isUnique":false,"defaultValue":"","args":"","isAutoIncrement":true},{"fieldName":"name","fieldType":10,"isPK":false,"isNotNull":false,"isUnique":false,"defaultValue":"","args":["512"],"isAutoIncrement":false}],"next_id":3,"checkName":[],"checkCondition":[]}},{"id":"49a74bc0-1356-4a57-a219-126334fa1710","position":{"x":1089,"y":724},"data":{"table_name":"Bill","fields":[{"fieldName":"id","fieldType":2,"isPK":true,"isNotNull":false,"isUnique":false,"defaultValue":"","args":"","isAutoIncrement":true},{"fieldName":"ammount","fieldType":2,"isPK":false,"isNotNull":false,"isUnique":false,"defaultValue":"","args":"","isAutoIncrement":false},{"fieldName":"status","fieldType":10,"isPK":false,"isNotNull":false,"isUnique":false,"defaultValue":"","args":["512"],"isAutoIncrement":false}],"next_id":5,"checkName":[],"checkCondition":[]}},{"id":"915a62b0-0963-4764-8597-0fff11a51efb","position":{"x":1524,"y":706},"data":{"table_name":"Payment","fields":[{"fieldName":"pay_date","fieldType":7,"isPK":false,"isNotNull":false,"isUnique":false,"defaultValue":"","args":"","isAutoIncrement":false},{"fieldName":"paid_amomunt","fieldType":2,"isPK":false,"isNotNull":false,"isUnique":false,"defaultValue":"","args":"","isAutoIncrement":false},{"fieldName":"payment_method","fieldType":10,"isPK":false,"isNotNull":false,"isUnique":false,"defaultValue":"","args":["512"],"isAutoIncrement":false},{"fieldName":"id","fieldType":2,"isPK":true,"isNotNull":false,"isUnique":false,"defaultValue":"","args":"","isAutoIncrement":true}],"next_id":4,"checkName":[],"checkCondition":[]}},{"id":"f52fbf28-27e5-4e10-aa0d-67e2b92a79f1","position":{"x":730,"y":99},"data":{"table_name":"Use","fields":[{"fieldName":"nome","fieldType":10,"isPK":false,"isNotNull":false,"isUnique":false,"defaultValue":"","args":["512"],"isAutoIncrement":false},{"fieldName":"email","fieldType":10,"isPK":false,"isNotNull":false,"isUnique":false,"defaultValue":"","args":["512"],"isAutoIncrement":false},{"fieldName":"password","fieldType":10,"isPK":false,"isNotNull":false,"isUnique":false,"defaultValue":"","args":["512"],"isAutoIncrement":false},{"fieldName":"data_nascimento","fieldType":7,"isPK":false,"isNotNull":false,"isUnique":false,"defaultValue":"","args":"","isAutoIncrement":false},{"fieldName":"cc","fieldType":2,"isPK":true,"isNotNull":false,"isUnique":false,"defaultValue":"","args":"","isAutoIncrement":false},{"fieldName":"n_utente","fieldType":2,"isPK":false,"isNotNull":false,"isUnique":true,"defaultValue":"","args":"","isAutoIncrement":false},{"fieldName":"nib","fieldType":10,"isPK":false,"isNotNull":false,"isUnique":false,"defaultValue":"","args":["512"],"isAutoIncrement":false}],"next_id":8,"checkName":[],"checkCondition":[]}},{"id":"6525fc1c-5080-43fb-94b4-ae5ff8e1559a","position":{"x":951,"y":302},"data":{"table_name":"Employee","fields":[{"fieldName":"contract","fieldType":10,"isPK":false,"isNotNull":false,"isUnique":false,"defaultValue":"","args":["512"],"isAutoIncrement":false}],"next_id":5,"checkName":[],"checkCondition":[]}},{"id":"de720a44-eff9-4410-a401-639e5321de57","position":{"x":1308,"y":389},"data":{"table_name":"specialization","fields":[{"fieldName":"id","fieldType":2,"isPK":true,"isNotNull":false,"isUnique":false,"defaultValue":"","args":"","isAutoIncrement":true}],"next_id":1,"checkName":[],"checkCondition":[]}},{"id":"10a9b219-01b8-4316-bae7-5766672dcfc3","position":{"x":1450,"y":874},"data":{"table_name":"Side_effect","fields":[{"fieldName":"id","fieldType":2,"isPK":true,"isNotNull":false,"isUnique":false,"defaultValue":"","args":"","isAutoIncrement":true},{"fieldName":"description","fieldType":11,"isPK":false,"isNotNull":false,"isUnique":false,"defaultValue":"","args":["512"],"isAutoIncrement":false}],"next_id":11,"checkName":[],"checkCondition":[]}},{"id":"2cf06011-6331-498e-95a6-f8e11f76ae11","position":{"x":-164,"y":187},"data":{"table_name":"surgery_nurse","fields":[{"fieldName":"role","fieldType":10,"isPK":false,"isNotNull":false,"isUnique":false,"defaultValue":"","args":["512"],"isAutoIncrement":false}],"next_id":1,"checkName":[],"checkCondition":[]}},{"id":"e44e5431-6704-4dff-8412-189f11869913","position":{"x":212,"y":721},"data":{"table_name":"Appointment_nurse","fields":[{"fieldName":"role","fieldType":10,"isPK":false,"isNotNull":false,"isUnique":false,"defaultValue":"","args":["512"],"isAutoIncrement":false}],"next_id":1,"checkName":[],"checkCondition":[]}},{"id":"945ee930-473a-492f-86ed-37cea4f22ba4","position":{"x":-198,"y":887},"data":{"table_name":"Prescription_medication","fields":[{"fieldName":"dosage","fieldType":10,"isPK":false,"isNotNull":false,"isUnique":false,"defaultValue":"","args":["512"],"isAutoIncrement":false},{"fieldName":"frequency","fieldType":10,"isPK":false,"isNotNull":false,"isUnique":false,"defaultValue":"","args":["512"],"isAutoIncrement":false}],"next_id":4,"checkName":[],"checkCondition":[]}},{"id":"4c596847-9f3d-43d7-81fc-78906bcd6b1a","position":{"x":892,"y":875},"data":{"table_name":"Medication_side_effect","fields":[{"fieldName":"severity","fieldType":2,"isPK":false,"isNotNull":false,"isUnique":false,"defaultValue":"","args":"","isAutoIncrement":false},{"fieldName":"probability","fieldType":4,"isPK":false,"isNotNull":false,"isUnique":false,"defaultValue":"","args":["8"],"isAutoIncrement":false}],"next_id":2,"checkName":[],"checkCondition":[]}}],"links":[{"source":"6525fc1c-5080-43fb-94b4-ae5ff8e1559a","target":"f52fbf28-27e5-4e10-aa0d-67e2b92a79f1","order":"parenting","sourceCard":"0:1","targetCard":"0:1","label":"complete","hierType":"complete","sourceisweak":false,"targetisweak":false},{"source":"2301258e-0937-4e44-89f9-9ddf0590b0e4","target":"f52fbf28-27e5-4e10-aa0d-67e2b92a79f1","order":"parenting","sourceCard":"0:1","targetCard":"0:1","label":"complete","hierType":"complete","sourceisweak":false,"targetisweak":false},{"source":"71a28172-5af8-41bf-be10-db0640b4e55a","target":"6525fc1c-5080-43fb-94b4-ae5ff8e1559a","order":"parenting","sourceCard":"0:1","targetCard":"0:1","label":"complete","hierType":"complete","sourceisweak":false,"targetisweak":false},{"source":"2872f5fa-065e-455c-a01b-1bdf23964b00","target":"6525fc1c-5080-43fb-94b4-ae5ff8e1559a","order":"parenting","sourceCard":"0:1","targetCard":"0:1","label":"complete","hierType":"complete","sourceisweak":false,"targetisweak":false},{"source":"92cd1aae-d38f-4802-a545-d75a4359aad9","target":"6525fc1c-5080-43fb-94b4-ae5ff8e1559a","order":"parenting","sourceCard":"0:1","targetCard":"0:1","label":"complete","hierType":"complete","sourceisweak":false,"targetisweak":false},{"source":"2301258e-0937-4e44-89f9-9ddf0590b0e4","target":"6d717030-21e9-4026-8323-9513d436d58e","order":"normal","sourceCard":"1:1","targetCard":"0:n","label":"has","hierType":null,"sourceisweak":false,"targetisweak":false},{"source":"6d717030-21e9-4026-8323-9513d436d58e","target":"71a28172-5af8-41bf-be10-db0640b4e55a","order":"normal","sourceCard":"0:n","targetCard":"1:1","label":"is responsible","hierType":null,"sourceisweak":false,"targetisweak":false},{"source":"92cd1aae-d38f-4802-a545-d75a4359aad9","target":"6d717030-21e9-4026-8323-9513d436d58e","order":"normal","sourceCard":"1:1","targetCard":"0:n","label":"registers","hierType":null,"sourceisweak":false,"targetisweak":false},{"source":"069e8efb-c7f5-49a4-8573-a398f8d5435f","target":"6d717030-21e9-4026-8323-9513d436d58e","order":"normal","sourceCard":"0:n","targetCard":"1:1","label":"contains","hierType":null,"sourceisweak":false,"targetisweak":false},{"source":"2872f5fa-065e-455c-a01b-1bdf23964b00","target":"069e8efb-c7f5-49a4-8573-a398f8d5435f","order":"normal","sourceCard":"1:n","targetCard":"0:n","label":"performs","hierType":null,"sourceisweak":false,"targetisweak":false},{"source":"6d717030-21e9-4026-8323-9513d436d58e","target":"449f4c28-9043-4cef-bfcd-3c5e99d795cd","order":"normal","sourceCard":"0:1","targetCard":"0:n","label":"has","hierType":null,"sourceisweak":false,"targetisweak":false},{"source":"449f4c28-9043-4cef-bfcd-3c5e99d795cd","target":"82430b61-a44f-4839-9b8d-083474827335","order":"normal","sourceCard":"0:1","targetCard":"0:1","label":"results","hierType":null,"sourceisweak":false,"targetisweak":false},{"source":"6d717030-21e9-4026-8323-9513d436d58e","target":"49a74bc0-1356-4a57-a219-126334fa1710","order":"normal","sourceCard":"0:1","targetCard":"0:1","label":"contains","hierType":null,"sourceisweak":false,"targetisweak":false},{"source":"49a74bc0-1356-4a57-a219-126334fa1710","target":"82430b61-a44f-4839-9b8d-083474827335","order":"normal","sourceCard":"1:1","targetCard":"0:1","label":"contains","hierType":null,"sourceisweak":false,"targetisweak":false},{"source":"49a74bc0-1356-4a57-a219-126334fa1710","target":"915a62b0-0963-4764-8597-0fff11a51efb","order":"normal","sourceCard":"1:1","targetCard":"0:n","label":"requires","hierType":null,"sourceisweak":false,"targetisweak":false},{"source":"2872f5fa-065e-455c-a01b-1bdf23964b00","target":"82430b61-a44f-4839-9b8d-083474827335","order":"normal","sourceCard":"1:1","targetCard":"0:n","label":"performs","hierType":null,"sourceisweak":false,"targetisweak":false},{"source":"82430b61-a44f-4839-9b8d-083474827335","target":"2301258e-0937-4e44-89f9-9ddf0590b0e4","order":"normal","sourceCard":"0:n","targetCard":"1:1","label":"goes to","hierType":null,"sourceisweak":false,"targetisweak":false},{"source":"2872f5fa-065e-455c-a01b-1bdf23964b00","target":"de720a44-eff9-4410-a401-639e5321de57","order":"normal","sourceCard":"0:n","targetCard":"1:n","label":"specializes in","hierType":null,"sourceisweak":false,"targetisweak":false},{"source":"de720a44-eff9-4410-a401-639e5321de57","target":"de720a44-eff9-4410-a401-639e5321de57","order":"normal","sourceCard":"0:1","targetCard":"1:1","label":"may require","hierType":null,"sourceisweak":false,"targetisweak":false},{"source":"71a28172-5af8-41bf-be10-db0640b4e55a","target":"2cf06011-6331-498e-95a6-f8e11f76ae11","order":"normal","sourceCard":"1:1","targetCard":"0:n","label":"helps","hierType":null,"sourceisweak":false,"targetisweak":false},{"source":"069e8efb-c7f5-49a4-8573-a398f8d5435f","target":"2cf06011-6331-498e-95a6-f8e11f76ae11","order":"normal","sourceCard":"1:1","targetCard":"1:n","label":"helps","hierType":null,"sourceisweak":false,"targetisweak":false},{"source":"71a28172-5af8-41bf-be10-db0640b4e55a","target":"e44e5431-6704-4dff-8412-189f11869913","order":"normal","sourceCard":"1:1","targetCard":"0:n","label":"helps","hierType":null,"sourceisweak":false,"targetisweak":false},{"source":"e44e5431-6704-4dff-8412-189f11869913","target":"82430b61-a44f-4839-9b8d-083474827335","order":"normal","sourceCard":"0:n","targetCard":"1:1","label":"helps","hierType":null,"sourceisweak":false,"targetisweak":false},{"source":"2301258e-0937-4e44-89f9-9ddf0590b0e4","target":"915a62b0-0963-4764-8597-0fff11a51efb","order":"normal","sourceCard":"1:1","targetCard":"0:n","label":"pays","hierType":null,"sourceisweak":false,"targetisweak":false},{"source":"2301258e-0937-4e44-89f9-9ddf0590b0e4","target":"49a74bc0-1356-4a57-a219-126334fa1710","order":"normal","sourceCard":"1:1","targetCard":"0:n","label":"pays","hierType":null,"sourceisweak":false,"targetisweak":false},{"source":"449f4c28-9043-4cef-bfcd-3c5e99d795cd","target":"945ee930-473a-492f-86ed-37cea4f22ba4","order":"normal","sourceCard":"1:1","targetCard":"0:n","label":"has","hierType":null,"sourceisweak":false,"targetisweak":false},{"source":"945ee930-473a-492f-86ed-37cea4f22ba4","target":"e53f67f9-f353-4e9a-befc-85ac0446d8c2","order":"normal","sourceCard":"0:n","targetCard":"1:1","label":"has","hierType":null,"sourceisweak":false,"targetisweak":false},{"source":"e53f67f9-f353-4e9a-befc-85ac0446d8c2","target":"4c596847-9f3d-43d7-81fc-78906bcd6b1a","order":"normal","sourceCard":"1:1","targetCard":"0:n","label":"provoques","hierType":null,"sourceisweak":false,"targetisweak":false},{"source":"4c596847-9f3d-43d7-81fc-78906bcd6b1a","target":"10a9b219-01b8-4316-bae7-5766672dcfc3","order":"normal","sourceCard":"0:n","targetCard":"1:1","label":"has","hierType":null,"sourceisweak":false,"targetisweak":false},{"source":"2872f5fa-065e-455c-a01b-1bdf23964b00","target":"449f4c28-9043-4cef-bfcd-3c5e99d795cd","order":"normal","sourceCard":"1:1","targetCard":"0:n","label":"prescribes","hierType":null,"sourceisweak":false,"targetisweak":false},{"source":"2301258e-0937-4e44-89f9-9ddf0590b0e4","target":"449f4c28-9043-4cef-bfcd-3c5e99d795cd","order":"normal","sourceCard":"1:1","targetCard":"0:n","label":"gets","hierType":null,"sourceisweak":false,"targetisweak":false}],"normalization":1,"database":0}